,Position,City,Job Title,Salary,Job Description,Job details,Rating,Company Name,Location,URL
0,IT+security+specialist,London,"new post Information System Security Officer (ISSO)Specialist II
- job post",Estimated $81K - $103K a year,"<div>
 <p>Battelle delivers when others can’t. We conduct research and development, manage national laboratories, design and manufacture products and deliver critical services for our clients—whether they are a multi-national corporation, a small start-up or a government agency.</p>
 <p></p>
 <p><br> We recognize and appreciate the value and contributions of individuals with diverse backgrounds and experiences and welcome all qualified individuals to apply.</p>
 <div>
  <div>
   <div>
    <h2 class=""jobSectionHeader""><b> Job Summary</b></h2> 
   </div>
   <div>
    <p> We are looking for an <b>Information System Security Officer (ISSO) </b>with a can-do attitude to support the Battelle <b>Columbus, OH </b>headquarters facility. The role is broken down into the following key performance areas:</p>
   </div>
  </div>
  <div>
   <div>
    <h2 class=""jobSectionHeader""><b> Responsibilities</b></h2> 
   </div>
   <div>
    <ul>
     <li>Provide system administration and information assurance support.</li>
     <li> Ability to initiate and follow through to completion, Risk Management Framework (RMF) packages for enterprise architectures in accordance with CFR 32 Part 117 (NISPOM)/DAAPM, ICD 503/CNSSI 1253, JSIG, NIST 800-53 and NIST 800-171 requirements.</li>
     <li> Create and maintain assessment and authorization (A&amp;A) packages, System Security Plans (SSPs), Risk Assessment Reports (RARs), Security Controls Traceability Matrices (SCTMs) and Plans of Action &amp; Milestones (POA&amp;Ms) for all classified systems.</li>
     <li> Establish and administer appropriate security systems, policies, standards, and procedures in compliance with applicable government and corporate directives, guidelines, and contractual obligations.</li>
     <li> Conduct analysis and assessment of the security control assessment guidance, procedures, and templates, ensuring correct and uniform implementation of the new RMF based assessment processes.</li>
     <li> Configure and validate information system compliance using DISA STIGs, SCAP Compliance Checker (SCC) and STIG Viewer.</li>
     <li> Identifies, contains, investigates, and reports data spills to the Government Security Manager through preliminary written reports. Coordinates the containment and sanitization with staff at the affected locations. Provides an assessment/mitigation strategy addressing the data spill in the approved response plan.</li>
     <li> Provide technical oversight for classified system compliance and conduct self-assessments.</li>
     <li> Interfaces directly with Defense Counterintelligence and Security Agency (DCSA) and other system sponsoring clients to conduct security inspections, tests, and reviews.<br> </li>
    </ul>
   </div>
  </div>
  <div>
   <div>
    <h2 class=""jobSectionHeader""><b> Key Qualifications</b></h2> 
   </div>
   <div>
    <ul>
     <li>Bachelor's Degree and with a minimum 5 years of experience as an ISSM/ISSO or equivalent combination of experience as an ISSM/ISSO and education.</li>
     <li> Must have current eligibility for a DoD Top Secret Security Clearance.</li>
     <li> DoDD 8140 technical certification or ability to complete certification within the first 6 months of employment. Certified Information Systems Security Professional (CISSP) considered a plus.</li>
     <li> Ability to travel to attend meetings and training (less than 10 percent of time).</li>
     <li> Experience with NIST 800-53 and Risk Management Framework (RMF) based accreditations.</li>
     <li> Experience with DISA Security Technical Implementation Guides (STIGs), SCAP Compliance Checker (SCC) and STIG Viewer preferred.</li>
     <li> Experience with Windows computer operating systems and network systems administration required.</li>
     <li> Linux and other non-Windows experience desirable<br> </li>
    </ul>
   </div>
  </div>
  <div>
   <div>
    <h2 class=""jobSectionHeader""><b> Legal Disclaimer</b></h2> 
   </div>
   <div>
    <p> The above statements are intended to describe the nature and level of work being performed by people assigned to this job. They are not intended to be an exhaustive list of all responsibilities, activities and skills required of staff members. No statement herein is intended to imply any authorities to commit Battelle unless special written permission is granted by Battelle's Legal Department.</p>
   </div>
  </div>
 </div>
 <p></p>
 <p><b><br> Benefits: Live an Extraordinary Life</b><br> We care about your well-being, not just on the job. Battelle offers comprehensive and competitive benefits to help you live your best life.</p>
 <ul>
  <li><b> Balance life through a compressed work schedule</b>: Most of our team follows a flexible, compressed work schedule that allows for every other Friday off—giving you a dedicated day to accomplish things in your personal life without using vacation time.</li>
  <li><b> Take time to recharge</b>: You get paid time off to support work-life balance and keep motivated.</li>
  <li><b> Prioritize wellness</b>: Stay healthy with medical, dental, and vision coverage with wellness incentives and benefits plus a variety of optional supplemental benefits.</li>
  <li><b> Better together</b>: Coverage for partners, gender-affirming care and health support, and family formation support.</li>
  <li><b> Build your financial future</b>: Build financial stability with an industry-leading 401(k) retirement savings plan. For most employees, we put in 5 percent whether you contribute or not, and match your contributions on top of that.</li>
  <li><b> Advance your education</b>: Tuition assistance is available to pursue higher education.</li>
  <li><b> Flexible work arrangements</b>: You have options for where you work and when you work.</li>
 </ul>
 <p><br> <br> <b>A Work Environment Where You Succeed</b><br> For brilliant minds in science, technology, engineering and business operations, Battelle is the place to do the greatest good by solving humanity’s most pressing challenges and creating a safer, healthier and more secure world.<br> <br> You will have the opportunity to thrive in a culture that inspires you to:</p>
 <ul>
  <li> Apply your talent to challenging and meaningful projects</li>
  <li> Receive select funding to pursue ideas in scientific and technological discovery</li>
  <li> Collaborate with world-class experts in an inclusive environment</li>
  <li> Nurture and develop the next generation of scientific leaders</li>
  <li> Give back to and improve our communities</li>
 </ul>
 <p></p>
 <p><b> Vaccinations &amp; Safety Protocols</b></p>
 <p><i> Battelle may require employees, based on job duties, work location, and/or its clients’ requirements to follow certain safety protocols and to be vaccinated against a variety of viruses, bacteria, and diseases as a condition of employment and continued employment and to provide documentation that they are fully vaccinated. If applicable, Battelle will provide reasonable accommodations based on a qualified disability or medical condition through the Americans with Disabilities Act or the Rehabilitation Act or for a sincerely held religious belief under Title VII of the Civil Rights Act of 1964 (and related state laws).</i></p>
 <p></p>
 <p><i> Battelle is an equal opportunity employer. We provide employment and opportunities for advancement, compensation, training, and growth according to individual merit, without regard to race, color, religion, sex (including pregnancy), national origin, sexual orientation, gender identity or expression, marital status, age, genetic information, disability, veteran-status veteran or military status, or any other characteristic protected under applicable Federal, state, or local law. Our goal is for each staff member to have the opportunity to grow to the limits of their abilities and to achieve personal and organizational objectives. We will support positive programs for equal treatment of all staff and full utilization of all qualified employees at all levels within Battelle.</i></p>
 <p></p>
 <p> The above statements are intended to describe the nature and level of work being performed by people assigned to this job. They are not intended to be an exhaustive list of all responsibilities, activities and skills required of staff members. <b>No statement herein is intended to imply any authorities to commit Battelle unless special written permission is granted by Battelle's Legal Department.</b></p>
 <p></p>
 <p><br> For more information about our other openings, please visit www.battelle.org/careers</p>
</div>
<p></p>","<div class=""jobsearch-JobDescriptionSection-title css-4m8ia3 eu4oa1w0""><h2 tabindex=""-1"" id=""jobDetails"" class=""css-7h8yst e1tiznh50"">Job details</h2><div class=""css-a5bn0u e37uo190""><span>Here’s how the job details align with your job preferences.</span><span>Manage job preferences anytime in your <a href=""https://profile.indeed.com"" aria-label=""job preferences (opens in a new window)"" target=""_blank"" rel=""noopener"" class=""css-6pji5a emf9s7v0"">profile<svg xmlns=""http://www.w3.org/2000/svg"" focusable=""false"" role=""img"" fill=""currentColor"" viewBox=""0 0 24 24"" aria-hidden=""true"" class="" css-r5jz5s eac13zx0""><path d=""M14.504 3a.5.5 0 00-.5.5v1a.5.5 0 00.5.5h3.085l-9.594 9.594a.5.5 0 000 .707l.707.708a.5.5 0 00.707 0l9.594-9.595V9.5a.5.5 0 00.5.5h1a.5.5 0 00.5-.5v-6a.5.5 0 00-.5-.5h-6z""></path><path d=""M5 3.002a2 2 0 00-2 2v13.996a2 2 0 001.996 2.004h14a2 2 0 002-2v-6.5a.5.5 0 00-.5-.5h-1a.5.5 0 00-.5.5v6.5L5 18.998V5.002L11.5 5a.495.495 0 00.496-.498v-1a.5.5 0 00-.5-.5H5z""></path></svg></a>.</span></div></div><div class=""css-rr5fiy eu4oa1w0""><div class=""css-1sgux54 eu4oa1w0""><svg xmlns=""http://www.w3.org/2000/svg"" focusable=""false"" role=""img"" fill=""currentColor"" viewBox=""0 0 24 24"" aria-hidden=""true"" class=""css-1eok13m eac13zx0""><path fill-rule=""evenodd"" d=""M7 7H2.5a.5.5 0 00-.5.5V11h20V7.5a.5.5 0 00-.5-.5H17s-1-4-5-4-5 4-5 4zm8 0H9s.5-2 3-2 3 2 3 2z"" clip-rule=""evenodd""></path><path d=""M10 13H2v7.5a.5.5 0 00.5.5h19a.5.5 0 00.5-.5V13h-8c0 1-1 2-2 2s-2-1-2-2z""></path></svg>Job Type</div><div class=""css-prndu6 eu4oa1w0""><div class=""css-1jl4ryg eu4oa1w0""><div class=""css-1p3gyjy e1xnxm2i0""><div class=""css-g6kqeb ecydgvn0""><div class=""css-tvvxwd ecydgvn1"">Full-time</div></div></div></div></div></div><div role=""separator"" aria-orientation=""horizontal"" class=""css-1shvrmd e15p7aqh1""><span class=""css-1b6omqv esbq1260""><span>&amp;nbsp;</span></span></div>",-1,,,https://www.indeed.com/rc/clk?jk=b0115bf2a9e05720&fccid=17d397c17f760b21&vjs=3
1,IT+security+specialist,London,"new post Lead Vulnerability Analyst (Enterprise Information Security Professional 2)
- job post",-1,"<div>
 <div>
  <b>Primary Location</b>
  <b>:</b> United States of America-OHIO-Franklin County-Columbus
 </div>
 <div>
  <b> Work Locations</b>
  <b>:</b> Information Services - SOCC 1320 Arthur E Adams Drive Columbus 43221
 </div>
 <div>
  <b> Organization</b>
  <b>:</b> Administrative Services
 </div>
 <div>
  <b> Classified Indicator</b>
  <b>:</b> Classified
 </div>
 <div>
  <b> Bargaining Unit / Exempt</b>
  <b>:</b> Bargaining Unit
 </div>
 <div>
  <b> Schedule</b>
  <b>:</b> Full-time
 </div>
 <div>
  <b> Work Hours</b>
  <b>:</b> M-F; 8:00 AM - 5:00 PM
 </div>
 <div>
  <b> Compensation</b>
  <b>:</b> $40.70 - $59.95 per hour
 </div>
 <div>
  <b> Unposting Date</b>
  <b>:</b> Ongoing
 </div>
 <div>
  <b> Job Function</b>
  <b>:</b> Information Technology
 </div>
 <div>
  <b> Primary Technology</b>
  <b>:</b> Not Applicable
 </div>
 <div>
  <div> 
  </div>
  <b> Agency Contact Name</b>
  <b>:</b> Kaylee Beard
 </div>
 <div>
  <b> Agency Contact Information</b>
  <b>:</b> Kaylee.Beard@das.ohio.gov
  <div> 
  </div>
 </div>
 <div>
  <p><b> Lead Vulnerability Analyst (Enterprise Information Security Professional 2)</b></p> (230005D8)
  <div> 
  </div>
 </div>
 <div>
  <b> Job Duties</b>
  <div></div>
  <p><i><br> This position is telework elligible (hybrid) under the current DAS telework agreement.</i></p> 
  <p></p> 
  <p><b>About Us:</b></p> 
  <p> The Ohio Department of Administrative Services (DAS), Office of Information Technology (OIT) is seeking an experienced and motivated professional to serve as a Lead Vulnerability Analyst (Enterprise Information Security Specialist 2) in the DAS Office of Information Security and Privacy (OISP).</p> 
  <div>
   <div> 
    <p>Led by Director Kathleen C. Madden, the Ohio Department of Administrative Services is the engine of state government, providing innovative solutions and supporting the efficient operation of state agencies, boards and commissions. The Office of Information Technology at DAS delivers information technology (IT) and telecommunication services to State of Ohio agencies, boards and commissions.</p>
    <br> 
    <p></p> 
   </div>
  </div> 
  <p></p>
  <p><b>What You'll Do:</b></p> 
  <p><b> Under general supervision in the Office of Information Security and Privacy, evaluates current IT policies, procedures, and practices and recommends:</b></p> 
  <ul> 
   <li>Leads IT driven change effort</li> 
   <li>Participates in and/or leads activities to achieve project tasks/meet deadline</li> 
   <li>Monitors and evaluate the effectiveness of the enterprise's cybersecurity safeguards to ensure that they provide the in-tended level of protection</li> 
   <li>Participate in the development or modification of the computer environment cybersecurity program plans and requirements</li> 
   <li>Serves as project lead (engineer) for security projects</li> 
   <li>Assist in developing programs, projects, goals and priorities with manager and/or supervisor</li> 
   <li>Leads/participates in troubleshooting efforts for agency/enterprise incidents</li> 
  </ul> 
  <p><b>Develops solutions design:</b></p> 
  <ul> 
   <li>Works with IT Architect staff, CIO or IT Managers to design solutions that meet the agency’s requirements</li> 
   <li>Assists analysis of the solution design’s business case</li> 
   <li>Authors’ portions of the solution business case</li> 
   <li>Leads/participates in agency/enterprise incidents response efforts</li> 
  </ul> 
  <p><b>Develops solutions design:</b></p> 
  <ul> 
   <li>Works with IT Architect staff, CIO or IT Managers to design solutions that meet the agency’s requirements</li> 
   <li>Assists analysis of the solution design’s business case</li> 
   <li>Authors’ portions of the solution business case</li> 
   <li>Leads/participates in agency/enterprise incidents response efforts</li> 
  </ul> 
  <p><b>Works with vendors, other specialists and/or agencies to solve integration problems:</b></p> 
  <ul> 
   <li>Plans and conducts formal mentorship and training activities for peers and/or lower-level staff via verbal instruction or technical documentation</li> 
   <li>Performs other duties as assigned</li>
  </ul>
  <br> 
  <p></p> 
  <p></p> 
  <p><b>What’s in it for you:</b></p> 
  <p> At the State of Ohio, we take care of the team that cares for Ohioans. We provide a variety of quality, competitive benefits to eligible full-time and part-time employees. For a list of all the State of Ohio Benefits, visit our Total Rewards website! Our benefits package includes:</p> 
  <p> Medical Coverage</p> 
  <ul> 
   <li>Quality, affordable, and competitive medical benefits are offered through the available Ohio Med plans.</li> 
  </ul> 
  <p>Dental, Vision and Basic Life Insurance</p> 
  <ul> 
   <li>Dental, vision, and basic life insurance premiums are free after completed eligibility period. Length of eligibility period is dependent on union representation.</li> 
  </ul> 
  <p>Time Away From Work and Work/Life Balance</p> 
  <ul> 
   <li>Paid time off, including vacation, personal, and sick leave</li> 
   <li>11 paid holidays per year</li> 
   <li>Childbirth/Adoption leave</li> 
  </ul> 
  <p>Employee Development Funds</p> 
  <ul> 
   <li>The State of Ohio offers a variety of educational and professional development funding that varies based on whether you are a union-exempt employee or a union-represented employee.</li> 
  </ul> 
  <p>Ohio Public Employees Retirement System</p> 
  <ul> 
   <li>OPERS is the retirement system for State of Ohio employees. The employee contributes 10% of their salary towards their retirement. The employer contributes an amount equal to 14% of the employee’s salary. Visit the OPERS website for more information.</li> 
  </ul> 
  <p>Deferred Compensation</p> 
  <ul> 
   <li>The Ohio Deferred Compensation program is a 457(b) voluntary retirement savings plan. Visit the Ohio Deferred Compensation website for more information.</li> 
  </ul> 
  <p>Ohio is a Disability Inclusion State and strives to be a Model Employer of Individuals with disabilities. The State of Ohio is committed to providing access and inclusion and reasonable accommodation in its services, activities, programs and employment opportunities in accordance with the Americans with Disabilities Act (ADA) and other applicable laws.</p>
  <div>
   <br> 
  </div>
 </div>
 <div>
  <b> Qualifications</b>
  <div></div>
  <p><b><br> Minimum Qualifications:</b></p> 
  <div>
    Completion of undergraduate core coursework in computer science; 24 mos. trg. or 24 mos. exp. in computer data security either through monitoring system/network traffic for anomalous activity, systems development or controlling accessibility of data.
   <br> 
   <br> 
   <ul>
    <li>Or 12 mos. exp. as Enterprise Information Security Professional 1, 69981. </li>
   </ul>
   <br> 
   <ul>
    <li>Or equivalent of Minimum Class Qualifications For Employment noted above.</li>
   </ul>
  </div>
  <br> 
  <p></p> 
  <p></p> 
  <p><b>Knowledge, Skills, and Abilities:</b></p> 
  <p><b> Knowledge:</b><br> 1. Vulnerability Management<br> 2. Content development<br> 3. Different classes of attacks (e.g., passive, active, insider, close-in, distribution, etc.)<br> 4. Different operational threat environments (e.g., first generation [script kiddies], second generation [non-nation state sponsored], and third generation [nation state sponsored])<br> 5. General attack stages (e.g., foot printing and scanning, enumeration, gaining access, escalation of privileges, maintaining access, network exploitation, covering tracks, etc.)<br> 6. How traffic flows across the network [e.g., Transmission Control Protocol (TCP) and Internet Protocol (IP), Open System Interconnection Model (OSI), In-formation Technology Infrastructure Library, v3 (ITIL)<br> 7. IA principles and organizational requirements (relevant to confidentiality, integrity, availability, authentication, non-repudiation)<br> 8. Interpreted and compiled computer languages<br> 9. Agency specific local specialized system requirements (e.g., critical infrastructure systems that may not be used standard IT) for safety, performance, and reliability*<br> 10. Network access, identity and access management (e.g., public key infrastructure, PKI)<br> 11. Network protocols such as TCP/IP, Dynamic Host Configuration, Domain Name</p> 
  <p> 12. Network security architecture concepts including topology, protocols, components, and principles (e.g., application of Defense-in-Depth)<br> 13. Agency penetration testing principles, tools, and techniques (e.g., core impact, metasploit, neosploit, etc.)*<br> 14. Programming language structures and logic<br> 15. Agency relevant laws, policies, procedures, or governance as they relate to work that may impact critical infrastructure*<br> 16. System and application security threats and vulnerabilities (e.g., buffer overflow, mobile code, cross-site<br> 17. Understand regulatory compliance and audit standards</p> 
  <p><b> Skills:</b><br> 18. Applying host/network access controls (e.g., access control list)<br> 19. Assessing the robustness of security systems and designs<br> 20. Conducting vulnerability scans and recognizing vulnerabilities in security systems<br> 21. Evaluating the trustworthiness of the supplier and/or product;<br> 22. Mimicking threat behaviors<br> 23. Performing damage assessments<br> 24. Performing packet-level analysis (e.g., Wireshark, tcpdump, etc.)<br> 25. Use of penetration testing tools and techniques*<br> 26. Use of social engineering techniques<br> 27. Network analysis tools to identify vulnerabilities. (e.g. Qualys, Nessus, etc.)<br> 28. Using application analysis tools to identify vulnerabilities. (e.g. Checkmarx, Qualys, etc.)</p> 
  <div>
   <b> Abilities:</b>
   <br> 29. Interpret and incorporate data from multiple tool sources
   <br> 30. Identify and Gather facts and for-mulate reasonable explanation and valid conclusions
   <br> 31. Work in a team environment
   <br> 32. Successfully pass the State of Ohio Computer [SOCC] background check
   <br> 
   <ul>
    <li>Developed after employment</li>
   </ul>
  </div>
  <div></div>
  <p><b><br> Applying for position:</b></p> 
  <ul> 
   <li>When completing your online Ohio Civil Service Application, be sure to clearly describe how you meet the minimum qualifications outlined on this job posting.</li> 
   <li>All answers to the supplemental questions<b> must</b> be supported by the work experience/education provided on your civil service application.</li> 
   <li>If you require a reasonable accommodation for the application process, please email the Human Resources contact on this posting so arrangements can be made.</li>
  </ul>
  <br> 
  <p></p> 
  <p></p> 
  <p><b>Hybrid Telework Schedule:</b><b> </b>2 days per week in-office and 3 days per week from remote primary home location. This schedule is subject to change at any time based on business need.</p>
  <div>
   <br> 
  </div>
  <b> Background Check Information</b>
  <div></div>
  <p><b><br> The final candidate selected for this position will be required to undergo a criminal background check. Criminal convictions do not necessarily preclude an applicant from consideration for a position. An individual assessment of an applicant's prior criminal convictions will be made before excluding an applicant from consideration.</b></p>
 </div>
</div>
<div></div>","<div class=""jobsearch-JobDescriptionSection-title css-4m8ia3 eu4oa1w0""><h2 tabindex=""-1"" id=""jobDetails"" class=""css-7h8yst e1tiznh50"">Job details</h2><div class=""css-a5bn0u e37uo190""><span>Here’s how the job details align with your job preferences.</span><span>Manage job preferences anytime in your <a href=""https://profile.indeed.com"" aria-label=""job preferences (opens in a new window)"" target=""_blank"" rel=""noopener"" class=""css-6pji5a emf9s7v0"">profile<svg xmlns=""http://www.w3.org/2000/svg"" focusable=""false"" role=""img"" fill=""currentColor"" viewBox=""0 0 24 24"" aria-hidden=""true"" class="" css-r5jz5s eac13zx0""><path d=""M14.504 3a.5.5 0 00-.5.5v1a.5.5 0 00.5.5h3.085l-9.594 9.594a.5.5 0 000 .707l.707.708a.5.5 0 00.707 0l9.594-9.595V9.5a.5.5 0 00.5.5h1a.5.5 0 00.5-.5v-6a.5.5 0 00-.5-.5h-6z""></path><path d=""M5 3.002a2 2 0 00-2 2v13.996a2 2 0 001.996 2.004h14a2 2 0 002-2v-6.5a.5.5 0 00-.5-.5h-1a.5.5 0 00-.5.5v6.5L5 18.998V5.002L11.5 5a.495.495 0 00.496-.498v-1a.5.5 0 00-.5-.5H5z""></path></svg></a>.</span></div></div><div class=""css-rr5fiy eu4oa1w0""><div class=""css-1sgux54 eu4oa1w0""><svg xmlns=""http://www.w3.org/2000/svg"" focusable=""false"" role=""img"" fill=""currentColor"" viewBox=""0 0 24 24"" aria-hidden=""true"" class=""css-1eok13m eac13zx0""><path fill-rule=""evenodd"" d=""M4.434 11.548a3.757 3.757 0 00-.434-.15V8.613A3.747 3.747 0 006.612 6h6.773a3.734 3.734 0 00.963 1.652A3.75 3.75 0 0016 8.614v2.783A3.743 3.743 0 0013.39 14H6.609a3.745 3.745 0 00-2.175-2.452zM2 4.5a.5.5 0 01.5-.5h15a.5.5 0 01.5.5v11a.5.5 0 01-.5.5h-15a.5.5 0 01-.5-.5v-11zm8 8a2.5 2.5 0 100-5 2.5 2.5 0 000 5zm10-3.025v8.5H5.5a.5.5 0 00-.5.5v1a.5.5 0 00.5.5h15.71c.58 0 .79-.208.79-.788V9.475a.5.5 0 00-.5-.5h-1a.5.5 0 00-.5.5z"" clip-rule=""evenodd""></path></svg>Pay</div><div class=""css-prndu6 eu4oa1w0""><span class=""css-gl4oe7 eu4oa1w0""><div class=""css-gle1f1 e1xnxm2i0""><div class=""css-g6kqeb ecydgvn0""><div class=""css-tvvxwd ecydgvn1"">$40.70 - $59.95 an hour</div></div></div></span></div></div><div class=""css-rr5fiy eu4oa1w0""><div class=""css-1sgux54 eu4oa1w0""><svg xmlns=""http://www.w3.org/2000/svg"" focusable=""false"" role=""img"" fill=""currentColor"" viewBox=""0 0 24 24"" aria-hidden=""true"" class=""css-1eok13m eac13zx0""><path fill-rule=""evenodd"" d=""M7 7H2.5a.5.5 0 00-.5.5V11h20V7.5a.5.5 0 00-.5-.5H17s-1-4-5-4-5 4-5 4zm8 0H9s.5-2 3-2 3 2 3 2z"" clip-rule=""evenodd""></path><path d=""M10 13H2v7.5a.5.5 0 00.5.5h19a.5.5 0 00.5-.5V13h-8c0 1-1 2-2 2s-2-1-2-2z""></path></svg>Job Type</div><div class=""css-prndu6 eu4oa1w0""><div class=""css-1jl4ryg eu4oa1w0""><div class=""css-1p3gyjy e1xnxm2i0""><div class=""css-g6kqeb ecydgvn0""><div class=""css-tvvxwd ecydgvn1"">Full-time</div></div></div></div></div></div><div class=""css-rr5fiy eu4oa1w0""><div class=""css-1sgux54 eu4oa1w0""><svg xmlns=""http://www.w3.org/2000/svg"" focusable=""false"" role=""img"" fill=""currentColor"" viewBox=""0 0 24 24"" aria-hidden=""true"" class=""css-1eok13m eac13zx0""><path fill-rule=""evenodd"" d=""M12 22c5.523 0 10-4.477 10-10S17.523 2 12 2 2 6.477 2 12s4.477 10 10 10zm-.996-14.746a.25.25 0 01.25-.25h1.5a.25.25 0 01.25.25v4.844l3.505 2.023a.25.25 0 01.091.342l-.75 1.299a.25.25 0 01-.341.091l-4.502-2.599h-.003v-6z"" clip-rule=""evenodd""></path></svg>Shift and Schedule</div><div class=""css-prndu6 eu4oa1w0""><div class=""css-1jl4ryg eu4oa1w0""><div class=""css-1p3gyjy e1xnxm2i0""><div class=""css-g6kqeb ecydgvn0""><div class=""css-tvvxwd ecydgvn1"">Monday to Friday</div></div></div></div></div></div><div role=""separator"" aria-orientation=""horizontal"" class=""css-1shvrmd e15p7aqh1""><span class=""css-1b6omqv esbq1260""><span>&amp;nbsp;</span></span></div>",-1,,,https://www.indeed.com/rc/clk?jk=d927bf4f3f07c587&fccid=adab04218ef837d0&vjs=3
2,IT+security+specialist,London,"new post Cyber Security Expert
- job post",Estimated $117K - $148K a year,"<p><b>Halcyon Solutions</b></p>
<p>Full Time</p>
<p>Posted 5 months ago</p>
<p><b>Cyber Risk</b><br>The IRM Cloud and Application Security team is seeking an experienced cloud security expert to influence and champion the advancement of our cloud security posture. This role will provide expert guidance for addressing existing cloud security concerns and have the foresight to proactively influence the evolution of our capabilities, as the threat landscape changes. Success in this role will require strong developer empathy, focused on enabling Dev and Ops to do their jobs securely.<br><b>Key responsibilities include:</b></p>
<ul>
 <li>Lead and influence ongoing risk analysis efforts, focused on prioritizing cloud resources and investments based on risk exposure.</li>
 <li>Recommend and lead strategic initiatives to address existing and emerging threats posing risk to cloud computing environments.</li>
 <li>Establish and maintain security standards, approved patterns, processes, and required guardrails for secure cloud hosting.</li>
 <li>Provide technical leadership across all cloud technology teams on risk mitigation, backlog prioritization, and skills uplift.</li>
 <li>Lead and influence a comprehensive cloud security strategy across key cyber domains and products, in tandem with architecture and product owners.</li>
 <li>Ensure cloud security objectives are embedded into developer education, coding standards, and application security requirements.</li>
</ul>
<p><b>Technical qualifications include:</b></p>
<ul>
 <li>At least 4 years of experience applying security patterns in Amazon Web Services (AWS), Microsoft Azure, or Google Cloud Platform (GCP).</li>
 <li>Experience with Cloud Native Design with an understanding of viable migration paths for legacy designs.</li>
 <li>Experience using commercial Cloud Security Posture Management and Cloud Workload Protection Platforms.</li>
 <li>Familiarity with cloud-native security solutions, capabilities, and services (Azure AD, Defender for Cloud, Sentinel; AWS Config, GuardDuty, WAF, Macie, CloudTrail).</li>
 <li>Experienced in cloud network, compute, and storage architectures, as well as cloud services and operations.</li>
 <li>Experience with scripting languages such as YAML, JSON, Python, Ruby, PowerShell or JavaScript.</li>
 <li>Hands-on experience deploying and supporting Kubernetes on at least one IaaS provider (Azure, Amazon, GCP).</li>
 <li>Hands-on experience of CI/CD pipeline security, automation tools, and/or cloud provisioning tools.</li>
 <li>Experience with risk assessment, benchmarks, and maturity models for the cloud (MITRE ATT&amp;CK, CSA, CIS, AWS SRA).</li>
</ul>
<p>Asses and conduct reviews of web-based applications, identify and validate application vulnerabilities, and perform actual remediation at architectural and source code levels</p>
<ul>
 <li>Experience in source code review, CI/CD tools, SAST, and DAST tools and ability to provide consultation on vulnerability remediation and/or mitigation.</li>
 <li>Strong technical expertise in multiple technical domains including application development, cloud computing, security, identity, and access management, and IT infrastructure.</li>
</ul>
<ul>
 <li>Proven experience or strong working knowledge of managing application security infrastructure such as web application firewalls (Container security, WAFs, Virtual Internal firewalls)</li>
 <li>Expert knowledge of SIEM technologies like Splunk or QRadar, content filtering/ firewall technology, and cloud technology such as AWS, GCP, and Azure.</li>
</ul>
<ul>
 <li>Understanding of best practice methodologies in application security including OWASP and mobile</li>
 <li>Performing security architecture/threat modeling reviews on a wide range of applications and determining the appropriate security controls</li>
</ul>
<ul>
 <li>Analytical and problem-solving mindset, leveraging strategic and tactical thinking. Able to effectively and efficiently collaborate with teams, peers, and leaders and provide recommendations or feedback</li>
 <li>Demonstrable experience with performing SAST, DAST and Manual Penetration Testing</li>
 <li>Demonstrable experience with BurpSuite Pro or OWASP ZAP</li>
 <li>Strong working knowledge of MITRE CVE, CWE, CAPEC and ATT&amp;CK</li>
 <li>Strong working knowledge the OSI &amp; TCP/IP networking reference models</li>
</ul>
<p>Job Type: Full-time</p>","<div class=""jobsearch-JobDescriptionSection-title css-4m8ia3 eu4oa1w0""><h2 tabindex=""-1"" id=""jobDetails"" class=""css-7h8yst e1tiznh50"">Job details</h2><div class=""css-a5bn0u e37uo190""><span>Here’s how the job details align with your job preferences.</span><span>Manage job preferences anytime in your <a href=""https://profile.indeed.com"" aria-label=""job preferences (opens in a new window)"" target=""_blank"" rel=""noopener"" class=""css-6pji5a emf9s7v0"">profile<svg xmlns=""http://www.w3.org/2000/svg"" focusable=""false"" role=""img"" fill=""currentColor"" viewBox=""0 0 24 24"" aria-hidden=""true"" class="" css-r5jz5s eac13zx0""><path d=""M14.504 3a.5.5 0 00-.5.5v1a.5.5 0 00.5.5h3.085l-9.594 9.594a.5.5 0 000 .707l.707.708a.5.5 0 00.707 0l9.594-9.595V9.5a.5.5 0 00.5.5h1a.5.5 0 00.5-.5v-6a.5.5 0 00-.5-.5h-6z""></path><path d=""M5 3.002a2 2 0 00-2 2v13.996a2 2 0 001.996 2.004h14a2 2 0 002-2v-6.5a.5.5 0 00-.5-.5h-1a.5.5 0 00-.5.5v6.5L5 18.998V5.002L11.5 5a.495.495 0 00.496-.498v-1a.5.5 0 00-.5-.5H5z""></path></svg></a>.</span></div></div><div class=""css-rr5fiy eu4oa1w0""><div class=""css-1sgux54 eu4oa1w0""><svg xmlns=""http://www.w3.org/2000/svg"" focusable=""false"" role=""img"" fill=""currentColor"" viewBox=""0 0 24 24"" aria-hidden=""true"" class=""css-1eok13m eac13zx0""><path fill-rule=""evenodd"" d=""M7 7H2.5a.5.5 0 00-.5.5V11h20V7.5a.5.5 0 00-.5-.5H17s-1-4-5-4-5 4-5 4zm8 0H9s.5-2 3-2 3 2 3 2z"" clip-rule=""evenodd""></path><path d=""M10 13H2v7.5a.5.5 0 00.5.5h19a.5.5 0 00.5-.5V13h-8c0 1-1 2-2 2s-2-1-2-2z""></path></svg>Job Type</div><div class=""css-prndu6 eu4oa1w0""><div class=""css-1jl4ryg eu4oa1w0""><div class=""css-1p3gyjy e1xnxm2i0""><div class=""css-g6kqeb ecydgvn0""><div class=""css-tvvxwd ecydgvn1"">Full-time</div></div></div></div></div></div><div role=""separator"" aria-orientation=""horizontal"" class=""css-1shvrmd e15p7aqh1""><span class=""css-1b6omqv esbq1260""><span>&amp;nbsp;</span></span></div>",-1,,,https://www.indeed.com/rc/clk?jk=355b1c05f6cd251b&fccid=d53a39666074d4eb&vjs=3
3,IT+security+specialist,London,"new post Confidentiality & Privacy - Incident Management Senior Specialist
- job post",Estimated $92.2K - $117K a year,"<div>
 <b>Confidentiality &amp; Privacy - Incident Management Senior Specialist</b>
 <br> 
 <br> Confidentiality &amp; Privacy (C&amp;P) is seeking a Senior Specialist to support the strategic priorities and mitigation of confidentiality and privacy risks across the Deloitte US Firms.
 <br> 
 <br> The successful candidate will be expected to quickly build subject matter expertise in the US Firms' confidentiality and privacy policies and contribute to risk identification, risk mitigation, and cross-functional response to the confidentiality and privacy incident management program.
 <br> 
 <br> Key responsibilities of this role are to participate and support confidentiality and privacy incident response and resolution activities, analyze incident trends and themes and identify and contribute to preventative controls designed to safeguard confidential information and protect Deloitte's brand and reputation.
 <br> 
 <br> 
 <b>Illustrative Responsibilities</b> 
 <br> 
 <ul>
  <li>Serve as a member of the US Confidentiality &amp; Privacy (C&amp;P) Incident Management workstream coordinating cross-functional C&amp;P incidents, collaborating with US business and enabling-area response teams for the timely response and resolution of C&amp;P incidents.</li>
  <li> Develop an understanding of the US Firms' businesses and enabling areas to support quick response and guidance based on the nature and severity of a confidentiality or privacy incident and potential risks to Deloitte.</li>
  <li> Conduct investigation and initiate the prompt response process of confidentiality and privacy incidents. Draw out details that may not be obvious, identify risks, root causes and corrective and identify and escalate preventive actions. </li>
  <li>Establish and maintain open lines of communication with US C&amp;P incidents management team members, business/enabling area C&amp;P teams and key stakeholders to drive follow-up activities through incident closure.</li>
  <li> Ensure incident records are appropriately documented with supporting evidence that is thorough, accurate, and complete.</li>
  <li> Capture root cause, incident themes, lessons learned and preventive controls for analytics and mitigating future risks. </li>
  <li>Conduct incident analytics to provide visibility to leadership on incident trends and themes to target preventive actions.</li>
 </ul>
 <br> Incident Management Program: Strategic Priorities 
 <br> 
 <ul>
  <li>Support incident management program including process and procedure documentation, development of tools and templates and process/procedure documentation.</li>
  <li> Identify and support systems enhancements including requirements definition, user acceptance testing and collaborate with incident management stakeholders to implement and deploy systems enhancements.</li>
  <li> Identify and assist with projects to enhance the US Firms' incident management processes based on emerging trends and risks.</li>
  <li> Learn and support data analytics efforts to identify insights, potential risks, and mitigation strategies.</li>
 </ul>
 <br> 
 <b> US Confidentiality &amp; Privacy Strategic Priorities and Team </b>
 <br> 
 <br> US Confidentiality &amp; Privacy serves as a trusted advisor to the US Firms Businesses and Enabling Areas, providing guidance and consultation regarding confidentiality and privacy requirements and leading practices to support client service and internal operations in mitigating risk, responding to incidents, and implementing solutions. C&amp;P's strategic priorities include: 
 <br> 
 <ul>
  <li>Advising and consulting on confidentiality and privacy risks</li>
  <li> Monitoring and facilitating compliance with regulatory and legal obligations</li>
  <li> Helping to secure Confidential Information and preventing data loss</li>
  <li> Assisting in the response and management of confidentiality and privacy incidents and insider violations</li>
 </ul>
 <br> The team is highly collaborative, and individual contributions are measured relative to team contributions. C&amp;P is organized around key service areas, which include: 
 <br> 
 <ul>
  <li>Privacy Risk &amp; Compliance</li>
  <li> Technology &amp; Data Risk</li>
  <li> Insider Risk</li>
  <li> Incident Management</li>
  <li> Strategy &amp; Engagement</li>
 </ul>
 <br> 
 <b> Required Professional and Technical Skills </b>
 <br> 
 <ul>
  <li>Highly organized, self-starter that can anticipate team needs and deliver per deadlines.</li>
  <li> Aptitude in technology with ability to identify and execute technology solutions to meet needs.</li>
  <li> Confidence in working across teams with strong facilitation skills to lead complicated discussions with many participants.</li>
  <li> Critical thinker with strong analytical skills.</li>
  <li> Highly responsive and operates with a sense of urgency when required.</li>
  <li> Demonstrated track record in sound judgment, strong attention to detail, and persistence in following issues to conclusion.</li>
  <li> Excellent communications (oral and written), problem solving, and interpersonal skills.</li>
  <li> Strong client service orientation and confidence in communicating with cross functional teams.</li>
  <li> Remains calm under pressure while retaining ability to influence others in high pressure situations.</li>
  <li> Highly collaborative work ethic with commitment to team success.</li>
  <li> Ability to work with professionals in different time zones, including India.</li>
  <li> Strong project management skills with the ability to multi-task across various initiatives and activities.</li>
  <li> Quick and eager learner to apply new skills and technologies with a focus on results.</li>
 </ul>
 <br> 
 <b> Education and Experience Requirements - Senior Specialist </b>
 <br> 
 <ul>
  <li>Bachelor's Degree required, Masters and/or JD Preferred</li>
  <li> 3+ years of relevant experience</li>
  <li> Minimum of 2 years of experience with the entire Microsoft Office Suite, including intermediate to advanced Excel and PowerPoint skills</li>
  <li> Must be legally authorized to work in the United States without the need for employer sponsorship, now or at any time in the future</li>
 </ul>
 <br> 
 <b> Preferred Qualifications - Senior Specialist: </b>
 <br> 
 <ul>
  <li>Certified International Privacy Professional (CIPP) certification </li>
  <li>Experience with Collaboration Tools (e.g., SharePoint, Teams, One Drive)</li>
  <li> Experience in professional services, risk management, client service, or consulting services preferred </li>
  <li>Proficiency in working independently and preparing reports and deliverables</li>
 </ul>
 <br> For individuals assigned and/or hired to work in California, Colorado, Jersey City, Nevada, New York state, and Washington State, Deloitte is required by law to include a reasonable estimate of the compensation range for this role. This compensation range is specific to California, Colorado, Jersey City, Nevada, New York state, and Washington state and takes into account the wide range of factors that are considered in making compensation decisions including but not limited to skill sets; experience and training; licensure and certifications; and other business and organizational needs. At Deloitte, it is not typical for an individual to be hired at or near the top of the range for their role and compensation decisions are dependent on the facts and circumstances of each case. A reasonable estimate of the current range is $66,200 to $135,800.
 <br> 
 <br> You may also be eligible to participate in a discretionary annual incentive program, subject to the rules governing the program, whereby an award, if any, depends on various factors, including, without limitation, individual and organizational performance.
 <br> 
 <br> EA_ExpHire
</div>","<div class=""jobsearch-JobDescriptionSection-title css-4m8ia3 eu4oa1w0""><h2 tabindex=""-1"" id=""jobDetails"" class=""css-7h8yst e1tiznh50"">Job details</h2><div class=""css-a5bn0u e37uo190""><span>Here’s how the job details align with your job preferences.</span><span>Manage job preferences anytime in your <a href=""https://profile.indeed.com"" aria-label=""job preferences (opens in a new window)"" target=""_blank"" rel=""noopener"" class=""css-6pji5a emf9s7v0"">profile<svg xmlns=""http://www.w3.org/2000/svg"" focusable=""false"" role=""img"" fill=""currentColor"" viewBox=""0 0 24 24"" aria-hidden=""true"" class="" css-r5jz5s eac13zx0""><path d=""M14.504 3a.5.5 0 00-.5.5v1a.5.5 0 00.5.5h3.085l-9.594 9.594a.5.5 0 000 .707l.707.708a.5.5 0 00.707 0l9.594-9.595V9.5a.5.5 0 00.5.5h1a.5.5 0 00.5-.5v-6a.5.5 0 00-.5-.5h-6z""></path><path d=""M5 3.002a2 2 0 00-2 2v13.996a2 2 0 001.996 2.004h14a2 2 0 002-2v-6.5a.5.5 0 00-.5-.5h-1a.5.5 0 00-.5.5v6.5L5 18.998V5.002L11.5 5a.495.495 0 00.496-.498v-1a.5.5 0 00-.5-.5H5z""></path></svg></a>.</span></div></div><div class=""css-rr5fiy eu4oa1w0""><div class=""css-1sgux54 eu4oa1w0""><svg xmlns=""http://www.w3.org/2000/svg"" focusable=""false"" role=""img"" fill=""currentColor"" viewBox=""0 0 24 24"" aria-hidden=""true"" class=""css-1eok13m eac13zx0""><path fill-rule=""evenodd"" d=""M7 7H2.5a.5.5 0 00-.5.5V11h20V7.5a.5.5 0 00-.5-.5H17s-1-4-5-4-5 4-5 4zm8 0H9s.5-2 3-2 3 2 3 2z"" clip-rule=""evenodd""></path><path d=""M10 13H2v7.5a.5.5 0 00.5.5h19a.5.5 0 00.5-.5V13h-8c0 1-1 2-2 2s-2-1-2-2z""></path></svg>Job Type</div><div class=""css-prndu6 eu4oa1w0""><div class=""css-1jl4ryg eu4oa1w0""><div class=""css-1p3gyjy e1xnxm2i0""><div class=""css-g6kqeb ecydgvn0""><div class=""css-tvvxwd ecydgvn1"">Full-time</div></div></div></div></div></div><div role=""separator"" aria-orientation=""horizontal"" class=""css-1shvrmd e15p7aqh1""><span class=""css-1b6omqv esbq1260""><span>&amp;nbsp;</span></span></div>",-1,,,https://www.indeed.com/rc/clk?jk=04ff98b970f6288b&fccid=9e215d88a6b33622&vjs=3
4,IT+security+specialist,London,"new post Vulnerability Management Specialist
- job post",Estimated $90.5K - $115K a year,"<div>
 Are you looking to elevate your cyber career? Your technical skills? Your opportunity for growth? Deloitte's Government and Public Services Cyber Practice (GPS Cyber Practice) is the place for you! Our GPS Cyber Practice helps organizations create a cyber minded culture and become stronger, faster, and more innovative. You will become part of a team that advises, implements, and manages solutions across five verticals: Strategy, Defense and Response; Identity; Infrastructure; Data; and Application Security. Our dynamic team offers opportunities to work with cutting-edge cyber security tools and grow both vertically and horizontally at an accelerated rate. Join our cyber team and elevate your career.
 <br> 
 <br> Work you'll do:
 <br> 
 <br> Plan, deploy, tune, and monitor vulnerability management systems including integrating existing enterprise systems to overall monitoring capabilities and utilizing cloud native capabilities (AWS, Azure, SaaS)
 <br> 
 <br> Implement automation for vulnerability scanning, definition updates, and remediations
 <br> 
 <br> Develop or enhance vulnerability management policies, procedures, and processes
 <br> 
 <br> Analyzes vulnerability data and support management of identified vulnerabilities, including tracking, remediation, and reporting
 <br> 
 <br> Support Security Assessment and Authorization (SA&amp;A) processes
 <br> 
 <br> The team:
 <br> 
 <br> Deloitte's Government and Public Services (GPS) practice - our people, ideas, technology and outcomes-is designed for impact. Serving federal, state, &amp; local government clients as well as public higher education institutions, our team of more than 15,000 professionals brings fresh perspective to help clients anticipate disruption, reimagine the possible, and fulfill their mission promise.
 <br> 
 <br> At Deloitte, we believe cyber is about starting things-not stopping them-and enabling the freedom to create a more secure future. Cyber Strategy, Defense and Response (SDR) focuses on helping federal clients design and implement transformational enterprise security programs with an emphasis on defending against, recovering from, and mitigating major cyberattacks. If you're seeking a career that increases cyber awareness, utilizes risk management programs, and develops strategies for cyber defense and response, then the Cyber SDR offering at Deloitte is for you.
 <br> 
 <br> Required: 
 <br> 
 <ul>
  <li>2+ years of experience deploying, operating, tuning vulnerability management systems such as Nessus and Crowdstrike for on-premise and cloud environments, applications, endpoints, etc. </li>
  <li>2+ years of experience tracking, remediating, and reporting on vulnerabilities to clients and project leadership to include understanding what vulnerability data needs to be utilized and how to prioritize vulnerabilities/remediations, implementing automations for vulnerability definition updates and remediations, integrating with ITSM tools for tracking, and developing / maintaining processes and procedures</li>
  <li> Ability to work collaboratively with USG and the greater security team</li>
  <li> Bachelor's degree required</li> 
  <li>Must be legally authorized to work in the United States without the need for employer sponsorship, now or at any time in the future </li>
  <li>Must be able to obtain and maintain the required clearance for this role </li>
 </ul>
 <br> The wage range for this role takes into account the wide range of factors that are considered in making compensation decisions including but not limited to skill sets; experience and training; licensure and certifications; and other business and organizational needs. The disclosed range estimate has not been adjusted for the applicable geographic differential associated with the location at which the position may be filled. At Deloitte, it is not typical for an individual to be hired at or near the top of the range for their role and compensation decisions are dependent on the facts and circumstances of each case. A reasonable estimate of the current range is $61,000-$91,000.
 <br> 
 <br> Preferred:
 <br> 
 <ul>
  <li> Cloud certification to include AWS CSA and/or security-specific certs </li>
  <li>Experience with configuration/infrastructure as code to develop auto-remediations</li>
  <li> Strong critical thinking skills</li>
 </ul>
</div>","<div class=""jobsearch-JobDescriptionSection-title css-4m8ia3 eu4oa1w0""><h2 tabindex=""-1"" id=""jobDetails"" class=""css-7h8yst e1tiznh50"">Job details</h2><div class=""css-a5bn0u e37uo190""><span>Here’s how the job details align with your job preferences.</span><span>Manage job preferences anytime in your <a href=""https://profile.indeed.com"" aria-label=""job preferences (opens in a new window)"" target=""_blank"" rel=""noopener"" class=""css-6pji5a emf9s7v0"">profile<svg xmlns=""http://www.w3.org/2000/svg"" focusable=""false"" role=""img"" fill=""currentColor"" viewBox=""0 0 24 24"" aria-hidden=""true"" class="" css-r5jz5s eac13zx0""><path d=""M14.504 3a.5.5 0 00-.5.5v1a.5.5 0 00.5.5h3.085l-9.594 9.594a.5.5 0 000 .707l.707.708a.5.5 0 00.707 0l9.594-9.595V9.5a.5.5 0 00.5.5h1a.5.5 0 00.5-.5v-6a.5.5 0 00-.5-.5h-6z""></path><path d=""M5 3.002a2 2 0 00-2 2v13.996a2 2 0 001.996 2.004h14a2 2 0 002-2v-6.5a.5.5 0 00-.5-.5h-1a.5.5 0 00-.5.5v6.5L5 18.998V5.002L11.5 5a.495.495 0 00.496-.498v-1a.5.5 0 00-.5-.5H5z""></path></svg></a>.</span></div></div><div class=""css-rr5fiy eu4oa1w0""><div class=""css-1sgux54 eu4oa1w0""><svg xmlns=""http://www.w3.org/2000/svg"" focusable=""false"" role=""img"" fill=""currentColor"" viewBox=""0 0 24 24"" aria-hidden=""true"" class=""css-1eok13m eac13zx0""><path fill-rule=""evenodd"" d=""M7 7H2.5a.5.5 0 00-.5.5V11h20V7.5a.5.5 0 00-.5-.5H17s-1-4-5-4-5 4-5 4zm8 0H9s.5-2 3-2 3 2 3 2z"" clip-rule=""evenodd""></path><path d=""M10 13H2v7.5a.5.5 0 00.5.5h19a.5.5 0 00.5-.5V13h-8c0 1-1 2-2 2s-2-1-2-2z""></path></svg>Job Type</div><div class=""css-prndu6 eu4oa1w0""><div class=""css-1jl4ryg eu4oa1w0""><div class=""css-1p3gyjy e1xnxm2i0""><div class=""css-g6kqeb ecydgvn0""><div class=""css-tvvxwd ecydgvn1"">Full-time</div></div></div></div></div></div><div role=""separator"" aria-orientation=""horizontal"" class=""css-1shvrmd e15p7aqh1""><span class=""css-1b6omqv esbq1260""><span>&amp;nbsp;</span></span></div>",-1,,,https://www.indeed.com/rc/clk?jk=226eeabe9ba020b6&fccid=9e215d88a6b33622&vjs=3
5,IT+security+specialist,London,"new post Sr. CIP Compliance Specialist
- job post",Estimated $92.6K - $117K a year,"<div>
 <p><b>Description</b> </p>
 <p><b>Sr. CIP Compliance Specialist</b></p>
 <p><b><br> Full Time Perm</b></p>
 <p><b> Location</b><b>:</b> Hybrid or Remote</p>
 <p></p>
 <p> NERC CIP compliance program provides the security framework for the identification and protection of Critical Cyber Assets to support reliable operation and compliance with all NERC CIP standards. We develop, maintain, and execute the NiSource Federal Cyber Compliance program. This team collaborates with IT, Operational Technology, and the business to ensure all required compliance activities are understood, recorded, and appropriate evidence is maintained. In this role you will also work closely with the Director of Cyber Compliance and the Manager of Cyber Compliance to ensure that all compliance requirements are met. Specifically the Sr. CIP Compliance Specialist has primary responsibility for integrating and supporting the NERC Cyber and Physical Security program.</p>
 <p></p>
 <p><br> Your responsibilities may include, but are not limited to: </p>
 <ul>
  <li><p>Provide leadership and guidance on the interpretation and implementation of the NERC CIP standards</p></li>
  <li><p> Assist in the design and development of system implementations</p></li>
  <li><p> Monitor and perform access management and timely completion of NERC CIP training and background investigation requirements for all personnel with access to identified critical cyber assets</p></li>
  <li><p> Maintain proper change management documentation for all hardware and software modifications</p></li>
  <li><p> Develop and participate in incident response and disaster recovery planning, exercises, and actual events</p></li>
  <li><p> Conduct routine hardware and software audits of all supported systems to ensure compliance with established standards, policies, procedures, and requirements</p></li>
  <li><p> Audit regulatory compliance documentation and generate variance reports</p></li>
 </ul>
 <p></p>
 <p><b> Minimum Qualifications</b></p>
 <ul>
  <li><p> 6+ years of experience in cybersecurity compliance with a focus in audits, systems security assessments, internal controls, or related duties</p></li>
  <li><p> 6+ years of experience working with regulatory compliance standards and procedures such as FERC, NERC, or RF</p></li>
  <li><p> 6+ years of experience utilizing technical writing skills</p></li>
  <li><p> 2+ years of experience in implementing process improvement initiatives</p></li>
 </ul>
 <p></p>
 <p><b> Preferred Qualifications</b></p>
 <ul>
  <li><p> ITIL processes and metrics (ITIL V3 certified)</p></li>
  <li><p> NIST 800-53 v5 control sets</p></li>
  <li><p> ServiceNow experience </p></li>
  <li><p>Archer GRC tool</p></li>
  <li><p> Working knowledge of the gas and electric utility industry</p></li>
  <li><p> CISSP or CISA</p></li>
 </ul>
 <p></p>
 <p><b> Disclaimer</b></p>
 <p></p>
 <p> This description is not designed to be a complete list of all duties and responsibilities required of the position</p>
 <p></p>
 <p> #ITIL #CyberCompliance #CIP #NERC #FERC #OhioMeansJobs #HammondIN #Remote #ComplainceJobs #ColumbusOH #Ohio #Columbus #Indiana #Chicago</p>
 <p></p>
 <p><b> Inclusion &amp; Diversity</b><br> Value inclusion within your day to day responsibilities by respecting others perspectives/convictions, engaging others opinions, creating a safe environment where people, ideas, and opinions are valued within your Team/Customers and external partners.</p>
 <p></p>
 <p> Respect and take into consideration diversity within your Team/Customers and external work partners by valuing different world views, challenges, and cultures that represent all walks of life and all backgrounds.</p>
 <p></p>
 <p> Treat others with respect and consideration. Actively participate in creating and contributing to a positive work environment.</p>
 <p></p>
 <p><b> Equal Employment Opportunity</b><br> NiSource is committed to providing equal employment opportunities in each of its companies to all employees and applicants for employment without regard to race, color, religion, national origin or ancestry, veteran status, disability, gender, age, marital status, sexual orientation, gender identity, genetic information, or any protected group status as defined by law. Each employee is expected to abide by this principle.</p>
 <p></p>
 <p><b> By applying, you may be considered for other job opportunities.</b></p>
 <p></p>
 <p><b><br> Safety Statement</b><br> Promote a safe work environment by actively participating in all aspects of our employee safety program. Report any unsafe conditions and take actions to prevent personal injuries. Support our interdependent safety culture by ensuring the safety of your co-workers. Stay focused on the task at hand and promote productivity through good work habits.</p>
 <p></p>
 <p><b> Posting Start Date:</b></p> 2023-08-22
 <p></p>
 <p><b> Posting End Date (if applicable):</b></p>
 <br> Please note that the job posting will close on the day before the posting end date.
</div>","<div class=""jobsearch-JobDescriptionSection-title css-4m8ia3 eu4oa1w0""><h2 tabindex=""-1"" id=""jobDetails"" class=""css-7h8yst e1tiznh50"">Job details</h2><div class=""css-a5bn0u e37uo190""><span>Here’s how the job details align with your job preferences.</span><span>Manage job preferences anytime in your <a href=""https://profile.indeed.com"" aria-label=""job preferences (opens in a new window)"" target=""_blank"" rel=""noopener"" class=""css-6pji5a emf9s7v0"">profile<svg xmlns=""http://www.w3.org/2000/svg"" focusable=""false"" role=""img"" fill=""currentColor"" viewBox=""0 0 24 24"" aria-hidden=""true"" class="" css-r5jz5s eac13zx0""><path d=""M14.504 3a.5.5 0 00-.5.5v1a.5.5 0 00.5.5h3.085l-9.594 9.594a.5.5 0 000 .707l.707.708a.5.5 0 00.707 0l9.594-9.595V9.5a.5.5 0 00.5.5h1a.5.5 0 00.5-.5v-6a.5.5 0 00-.5-.5h-6z""></path><path d=""M5 3.002a2 2 0 00-2 2v13.996a2 2 0 001.996 2.004h14a2 2 0 002-2v-6.5a.5.5 0 00-.5-.5h-1a.5.5 0 00-.5.5v6.5L5 18.998V5.002L11.5 5a.495.495 0 00.496-.498v-1a.5.5 0 00-.5-.5H5z""></path></svg></a>.</span></div></div><div class=""css-rr5fiy eu4oa1w0""><div class=""css-1sgux54 eu4oa1w0""><svg xmlns=""http://www.w3.org/2000/svg"" focusable=""false"" role=""img"" fill=""currentColor"" viewBox=""0 0 24 24"" aria-hidden=""true"" class=""css-1eok13m eac13zx0""><path fill-rule=""evenodd"" d=""M7 7H2.5a.5.5 0 00-.5.5V11h20V7.5a.5.5 0 00-.5-.5H17s-1-4-5-4-5 4-5 4zm8 0H9s.5-2 3-2 3 2 3 2z"" clip-rule=""evenodd""></path><path d=""M10 13H2v7.5a.5.5 0 00.5.5h19a.5.5 0 00.5-.5V13h-8c0 1-1 2-2 2s-2-1-2-2z""></path></svg>Job Type</div><div class=""css-prndu6 eu4oa1w0""><div class=""css-1jl4ryg eu4oa1w0""><div class=""css-1p3gyjy e1xnxm2i0""><div class=""css-g6kqeb ecydgvn0""><div class=""css-tvvxwd ecydgvn1"">Full-time</div></div></div></div></div></div><div role=""separator"" aria-orientation=""horizontal"" class=""css-1shvrmd e15p7aqh1""><span class=""css-1b6omqv esbq1260""><span>&amp;nbsp;</span></span></div>",-1,,,https://www.indeed.com/rc/clk?jk=ad084832ff6afcf8&fccid=35fef21a8d974e09&vjs=3
6,IT+security+specialist,London,"new post Network & Cyber Security Specialist
- job post",Estimated $99.5K - $126K a year,"<div>
 <div>
  <b>Who We Are:</b>
 </div>
 <div></div>
 <div>
  <br> Founded in 2018 and headquartered in Columbus, Ohio, Foxen provides innovative insurance compliance solutions and financial services for the mutual benefit of property owners, managers, and residents in multifamily real estate. Foxen is comprised of technologists and developers, insurance and finance professionals, and property management industry veterans. We leverage extensive expertise and collaboration to deliver technology-driven solutions that seamlessly meet the needs of our customers. Foxen’s products revolutionize flawed and antiquated processes, while simultaneously creating property revenue and financial wellness for residents.
 </div>
 <div></div>
 <div>
  <b><br> What You’ll Do:</b>
 </div>
 <div></div>
 <div>
  <br> Foxen is seeking a highly skilled and experienced Network and Cybersecurity Specialist to join our team. You ideally will have a strong background in cloud (Azure, M365) and on-premises network design, implementation, management, and security, as well as expertise in cybersecurity and SOC2 Compliance.
 </div> 
 <h3 class=""jobSectionHeader""><b>Key Responsibilities:</b></h3>
 <ul>
  <li> Design, implement, and manage secure cloud (Azure, M365) and on-premises network architectures, following best practices and industry standards.</li>
  <li> Maintain up-to-date knowledge of Azure, M365, and other cloud platforms, ensuring the optimal use of services and features for enhanced security and compliance. </li>
  <li>Monitor and analyze our networks and systems for security incidents, potential threats, and vulnerabilities, taking proactive measures to address any issues identified.</li>
  <li> Conduct periodic security risk assessments and recommend appropriate mitigation measures, including enhancements to network infrastructure and cybersecurity controls.</li>
  <li> Develop and implement comprehensive cybersecurity policies, procedures, and guidelines in accordance with SOC2 Compliance requirements.</li>
  <li> Ensure timely and effective communication of security incidents to management and relevant stakeholders.</li>
  <li> Collaborate with cross-functional teams to ensure the appropriate security measures are in place throughout the organization, both at the network level and in other areas of the technology stack.</li>
  <li> Oversee the preparation and maintenance of SOC2 Compliance documentation, including audits, assessments, and reporting.</li>
  <li> Continuously review and update network security measures and cybersecurity controls to comply with evolving regulations, industry best practices, and organizational requirements.</li>
  <li> Provide cybersecurity training and awareness programs to employees to foster a security-conscious culture.</li>
  <li> Work with internal and external auditors to ensure ongoing SOC2 Compliance.</li>
  <li> Maintain up-to-date knowledge of networking and cybersecurity trends, tools, and best practices.</li>
 </ul>
 <h3 class=""jobSectionHeader""><b> What You Bring:</b></h3>
 <ul>
  <li> Bachelor’s degree in Computer Science, Information Security, or a related field.</li>
  <li> A minimum of 7 years of experience in network design, implementation, and management, with at least 3 years of experience in cybersecurity and SOC2 Compliance.</li>
  <li> Professional certifications such as CCNP, CCIE, CISSP, CISM, CEH, Azure Security Engineer or relevant SANS certifications are strongly preferred.</li>
  <li> In-depth understanding of network design principles, security best practices, and SOC2 Compliance controls.</li>
  <li> Expertise in common networking technologies, protocols, and cybersecurity tools, such as firewalls, intrusion detection systems, and vulnerability scanners.</li>
  <li> Strong analytical and problem-solving skills with the ability to identify and mitigate risks effectively.</li>
  <li> Excellent communication and interpersonal skills to work effectively with technical and non-technical stakeholders.</li>
  <li> Ability to prioritize tasks and work well under pressure.</li>
  <li> High level of integrity and a strong commitment to maintaining the confidentiality of sensitive information.</li>
 </ul>
 <h3 class=""jobSectionHeader""><b> Our Tech Stack:</b></h3>
 <ul>
  <li> Azure Functions, Logic Apps, App Services, Azure Service Bus, Event Grid and Storage containers</li>
  <li> C# 8.0, .NET Core 3.1+, LINQ</li>
  <li> JavaScript, Python</li>
  <li> MySQL, Microsoft SQL, Azure related services</li>
 </ul>
 <div>
  <b> Where You’ll Work:</b>
 </div>
 <div></div>
 <div>
  <br> Located in the heart of the Arena District in Downtown Columbus, Ohio, our corporate office overlooks Huntington Park, home of the Columbus Clippers. With collaboration and team building top of mind, our large open office features multiple areas for group settings, 7+ conference rooms and a company meeting space. You can also look forward to monthly catered lunches, holiday celebrations, bottomless local coffee, and other exciting activities. Off the clock, take advantage of nearby events happening at Nationwide Arena, Kemba Live, and Lower.com field all within walking distance!
 </div>
 <div></div>
 <div>
  <b><br> What We Offer:</b>
 </div>
 <div></div>
 <div>
  <br> As a Network and Cybersecurity Specialist, you will receive competitive pay, bonus opportunities and a robust benefits package. Our benefits include your choice of three health insurance plans, voluntary dental, vision, short-term disability, long-term disability, life, and AD&amp;D insurance, paid time off, paid holidays, a 401k with 4% company match and a yearly learning &amp; development stipend. This is a full-time non-exempt position, reporting to the Director of Information Technology. Occasional travel may be required to attend training and other company functions.
 </div>
</div>","<div class=""jobsearch-JobDescriptionSection-title css-4m8ia3 eu4oa1w0""><h2 tabindex=""-1"" id=""jobDetails"" class=""css-7h8yst e1tiznh50"">Job details</h2><div class=""css-a5bn0u e37uo190""><span>Here’s how the job details align with your job preferences.</span><span>Manage job preferences anytime in your <a href=""https://profile.indeed.com"" aria-label=""job preferences (opens in a new window)"" target=""_blank"" rel=""noopener"" class=""css-6pji5a emf9s7v0"">profile<svg xmlns=""http://www.w3.org/2000/svg"" focusable=""false"" role=""img"" fill=""currentColor"" viewBox=""0 0 24 24"" aria-hidden=""true"" class="" css-r5jz5s eac13zx0""><path d=""M14.504 3a.5.5 0 00-.5.5v1a.5.5 0 00.5.5h3.085l-9.594 9.594a.5.5 0 000 .707l.707.708a.5.5 0 00.707 0l9.594-9.595V9.5a.5.5 0 00.5.5h1a.5.5 0 00.5-.5v-6a.5.5 0 00-.5-.5h-6z""></path><path d=""M5 3.002a2 2 0 00-2 2v13.996a2 2 0 001.996 2.004h14a2 2 0 002-2v-6.5a.5.5 0 00-.5-.5h-1a.5.5 0 00-.5.5v6.5L5 18.998V5.002L11.5 5a.495.495 0 00.496-.498v-1a.5.5 0 00-.5-.5H5z""></path></svg></a>.</span></div></div><div class=""css-rr5fiy eu4oa1w0""><div class=""css-1sgux54 eu4oa1w0""><svg xmlns=""http://www.w3.org/2000/svg"" focusable=""false"" role=""img"" fill=""currentColor"" viewBox=""0 0 24 24"" aria-hidden=""true"" class=""css-1eok13m eac13zx0""><path fill-rule=""evenodd"" d=""M7 7H2.5a.5.5 0 00-.5.5V11h20V7.5a.5.5 0 00-.5-.5H17s-1-4-5-4-5 4-5 4zm8 0H9s.5-2 3-2 3 2 3 2z"" clip-rule=""evenodd""></path><path d=""M10 13H2v7.5a.5.5 0 00.5.5h19a.5.5 0 00.5-.5V13h-8c0 1-1 2-2 2s-2-1-2-2z""></path></svg>Job Type</div><div class=""css-prndu6 eu4oa1w0""><div class=""css-1jl4ryg eu4oa1w0""><div class=""css-1p3gyjy e1xnxm2i0""><div class=""css-g6kqeb ecydgvn0""><div class=""css-tvvxwd ecydgvn1"">Full-time</div></div></div></div></div></div><div role=""separator"" aria-orientation=""horizontal"" class=""css-1shvrmd e15p7aqh1""><span class=""css-1b6omqv esbq1260""><span>&amp;nbsp;</span></span></div>",-1,,,https://www.indeed.com/rc/clk?jk=56413425c2f61c41&fccid=dd616958bd9ddc12&vjs=3
